,City,Cloudiness,Country,Date,Humidity,Lat,Lng,Max Temp,Wind Speed
0,Mitsamiouli,0,KM,1571041957,76,-11.38,43.28,78.62,6.58
1,Barrow,97,AR,1571041959,71,-38.31,-60.23,42.55,4.74
2,Pajapan,49,MX,1571041960,74,18.26,-94.69,82.45,8.0
3,Saskylakh,81,RU,1571041962,92,71.97,114.09,17.91,8.78
4,Albany,1,US,1571041964,81,42.65,-73.75,46.0,3.22
5,Rikitea,100,PF,1571041965,79,-23.12,-134.97,72.21,14.44
6,San Quintin,100,PH,1571041967,82,17.54,120.52,79.74,5.3
7,Jamestown,0,AU,1571041968,75,-33.21,138.6,55.27,7.42
8,Hilo,75,US,1571041970,83,19.71,-155.08,75.2,6.93
9,Punta Arenas,75,CL,1571041971,80,-53.16,-70.91,41.0,17.22
10,Guerrero Negro,3,MX,1571041972,78,27.97,-114.04,65.05,11.59
11,Tasiilaq,100,GL,1571041973,55,65.61,-37.64,37.4,11.41
12,Nikolskoye,90,RU,1571041975,87,59.7,30.79,42.8,6.71
13,Tunduma,0,ZM,1571041976,29,-9.31,32.77,84.96,10.6
14,Kapaa,90,US,1571041977,78,22.08,-159.32,80.6,16.11
15,Faanui,7,PF,1571041978,79,-16.48,-151.75,76.48,17.96
16,Victoria,75,BN,1571041980,66,5.28,115.24,87.8,4.7
17,Ulaanbaatar,0,MN,1571041981,16,47.92,106.92,46.4,6.71
18,Vaini,40,IN,1571041982,62,15.34,74.49,84.2,6.93
19,Aden,32,YE,1571041984,40,12.79,45.03,91.02,13.97
20,Kinkala,75,CG,1571041985,94,-4.35,14.75,71.6,5.82
21,Mount Isa,81,AU,1571041986,8,-20.73,139.49,100.4,8.05
22,Saint-Philippe,20,CA,1571041988,70,45.36,-73.48,53.01,5.82
23,Manokwari,100,ID,1571041989,85,-0.87,134.08,74.41,1.72
24,Champerico,85,MX,1571041991,97,16.38,-93.6,66.85,2.61
25,Bredasdorp,0,ZA,1571041992,53,-34.53,20.04,71.6,23.04
26,Peruibe,0,BR,1571041993,81,-24.32,-47.0,73.92,12.48
27,Zapolyarnyy,40,RU,1571041994,79,69.43,30.82,33.8,4.7
28,Tigil,100,RU,1571041996,81,57.8,158.67,32.02,18.79
29,Bathsheba,20,BB,1571041997,69,13.22,-59.52,82.4,13.87
30,Charters Towers,0,AU,1571041998,58,-20.07,146.27,73.69,13.38
31,Pevek,100,RU,1571041999,74,69.7,170.27,32.49,18.78
32,Beringovskiy,100,RU,1571042001,97,63.05,179.32,38.08,8.63
33,Christchurch,100,NZ,1571042002,93,-43.53,172.64,53.01,13.87
34,Ushuaia,100,AR,1571042003,60,-54.81,-68.31,41.0,11.41
35,Saint-Georges,12,CA,1571042006,82,46.12,-70.67,37.0,4.07
36,Port Alfred,0,ZA,1571042007,78,-33.59,26.89,69.01,11.01
37,Atuona,0,PF,1571042008,76,-9.8,-139.03,78.85,14.84
38,Hobart,75,AU,1571042009,72,-42.88,147.33,59.0,11.41
39,Paracuru,40,BR,1571042011,88,-3.41,-39.03,77.0,9.17
40,Xuanhua,0,CN,1571042012,21,40.61,115.04,45.45,2.56
41,Mahajanga,20,MG,1571042013,36,-15.72,46.32,93.2,8.05
42,San Cristobal,100,HN,1571042014,96,14.68,-86.92,66.07,1.52
43,Campo Formoso,35,BR,1571042016,91,-10.51,-40.32,61.93,12.07
44,Zhangye,77,CN,1571042017,26,38.94,100.46,57.52,6.97
45,Bluff,0,AU,1571042018,59,-23.58,149.07,75.76,18.5
46,Upernavik,0,GL,1571042020,48,72.79,-56.15,21.27,12.37
47,Bethel,1,US,1571042021,86,60.79,-161.76,30.2,6.93
48,Surin,20,TH,1571042022,70,14.88,103.49,91.0,8.05
49,Georgetown,40,GY,1571042024,100,6.8,-58.16,73.4,2.24
50,Gibara,20,CU,1571042025,88,21.11,-76.13,77.0,8.05
51,Aguimes,40,ES,1571042026,73,27.91,-15.45,71.6,18.34
52,Juba,90,EE,1571042028,93,57.82,26.93,46.99,9.17
53,Cabo San Lucas,83,MX,1571042029,91,22.89,-109.91,80.01,4.0
54,Santa Cruz,49,BR,1571042030,86,-6.22,-36.02,71.56,9.57
55,Coihaique,0,CL,1571042032,68,-45.58,-72.07,30.2,2.24
56,Harnosand,100,SE,1571042033,83,62.63,17.94,43.0,10.29
57,Avarua,76,CK,1571042034,73,-21.21,-159.78,71.6,5.82
58,Yellowknife,90,CA,1571042036,68,62.45,-114.38,30.2,6.93
59,Tomatlan,4,MX,1571042037,97,19.93,-105.25,68.43,2.68
60,Ust-Ilimsk,100,RU,1571042038,88,57.96,102.73,35.62,3.28
61,Te Anau,96,NZ,1571042040,90,-45.41,167.72,45.99,2.83
62,Avera,1,US,1571042041,100,33.19,-82.53,68.0,3.36
63,Henties Bay,57,NA,1571042042,87,-22.12,14.28,63.0,5.99
64,Dymer,0,UA,1571042044,39,50.78,30.31,70.0,4.47
65,Mataura,100,NZ,1571042045,89,-46.19,168.86,52.0,1.01
66,Suamico,1,US,1571042046,86,44.63,-88.04,35.6,6.93
67,Ribeira Grande,20,PT,1571042047,72,38.52,-28.7,59.0,2.24
68,Thompson,90,CA,1571042049,100,55.74,-97.86,33.8,4.7
69,Santa Isabel do Rio Negro,100,BR,1571042050,98,-0.41,-65.02,71.08,0.85
70,Waipawa,100,NZ,1571042051,85,-39.94,176.59,48.99,5.99
71,East London,0,ZA,1571042053,64,-33.02,27.91,73.4,18.34
72,Constitucion,42,MX,1571042054,81,23.99,-104.67,60.01,1.99
73,Castro,0,CL,1571042055,55,-42.48,-73.76,42.8,8.05
74,Cape Town,20,ZA,1571042056,64,-33.93,18.42,71.01,4.7
75,Ciudad Bolivar,35,VE,1571042058,88,8.12,-63.55,74.1,4.25
76,Saravan,0,AM,1571042060,42,39.72,45.65,68.0,6.93
77,Puerto Ayora,2,EC,1571042062,89,-0.74,-90.35,66.99,1.99
78,Peterhead,20,AU,1571042063,72,-34.83,138.5,63.0,8.05
79,Bambous Virieux,40,MU,1571042064,69,-20.34,57.76,80.01,16.11
80,Kaa-Khem,0,RU,1571042066,25,51.7,94.56,52.7,5.08
81,Torbay,90,CA,1571042067,100,47.66,-52.73,46.99,18.34
82,Kaitangata,100,NZ,1571042069,84,-46.28,169.85,51.01,15.01
83,Mar del Plata,0,AR,1571042071,78,-46.43,-67.52,41.72,7.46
84,Clyde River,90,CA,1571042072,74,70.47,-68.59,33.8,18.34
85,Norman Wells,90,CA,1571042073,100,65.28,-126.83,26.6,2.24
86,Tiarei,20,PF,1571042075,69,-17.53,-149.33,75.2,2.24
87,Kodiak,1,US,1571042076,67,39.95,-94.76,39.99,4.7
88,Cidreira,100,BR,1571042077,89,-30.17,-50.22,65.84,24.81
89,Hermanus,67,ZA,1571042079,73,-34.42,19.24,69.01,10.0
90,Qaanaaq,100,GL,1571042080,55,77.48,-69.36,11.37,16.69
91,Port Elizabeth,90,US,1571042081,87,39.31,-74.98,64.0,4.7
92,Salalah,20,OM,1571042083,55,17.01,54.1,87.8,11.41
93,Caravelas,75,BR,1571042084,87,-17.73,-39.27,69.57,2.73
94,Port Lincoln,0,AU,1571042085,76,-34.72,135.86,54.39,7.37
95,Khatanga,100,RU,1571042087,95,71.98,102.47,27.77,13.16
96,Zaoyang,100,CN,1571042088,69,32.12,112.76,62.24,12.23
97,Emerald,0,AU,1571042089,20,-23.53,148.16,93.2,8.05
98,Encruzilhada do Sul,100,BR,1571042091,93,-30.54,-52.52,55.17,17.58
99,Talnakh,100,RU,1571042092,99,69.49,88.39,32.67,6.44
100,Carlsbad,0,CZ,1571042093,77,50.23,12.87,64.0,1.12
101,Gazanjyk,0,TM,1571042095,27,39.24,55.52,66.87,4.0
102,Vanimo,100,PG,1571042096,72,-2.67,141.3,82.13,7.84
103,Busselton,28,AU,1571042098,34,-33.64,115.35,64.0,13.68
104,Altagracia de Orituco,22,VE,1571042099,98,9.86,-66.38,66.18,1.83
105,Oistins,20,BB,1571042100,69,13.07,-59.53,82.4,13.87
106,Mahebourg,40,MU,1571042102,69,-20.41,57.7,80.01,16.11
107,Necochea,68,AR,1571042103,68,-38.55,-58.74,46.99,11.01
108,Havoysund,75,NO,1571042104,86,71.0,24.66,33.8,3.36
109,Rio Claro,0,BR,1571042106,62,-22.41,-47.56,70.68,4.12
110,Saldanha,81,PT,1571042107,69,41.42,-6.55,54.93,15.2
111,Belmonte,27,PT,1571042108,76,40.36,-7.35,55.0,9.28
112,Westonaria,0,ZA,1571042110,36,-26.32,27.65,79.0,3.36
113,Dikson,98,RU,1571042111,98,73.51,80.55,30.33,7.16
114,Lata,64,IN,1571042112,88,30.78,78.62,38.86,6.45
115,Sulangan,99,PH,1571042114,66,11.14,123.72,83.95,7.86
116,Haines Junction,0,CA,1571042115,77,60.75,-137.51,21.54,4.39
117,Honningsvag,99,NO,1571042116,67,70.98,25.97,38.26,3.78
118,Alofi,94,NU,1571042117,78,-19.06,-169.92,73.4,6.93
119,La Ronge,75,CA,1571042119,57,55.1,-105.3,32.0,1.22
120,Zyryanka,100,RU,1571042120,93,65.73,150.89,19.65,33.0
121,Kanashevo,61,RU,1571042121,63,55.21,62.07,51.01,14.0
122,Itapema,75,BR,1571042123,94,-27.09,-48.61,73.0,5.82
123,Kalmunai,26,LK,1571042124,71,7.42,81.82,84.58,9.92
124,Emirdag,0,TR,1571042125,18,39.02,31.15,66.2,4.7
125,Aklavik,90,CA,1571042126,100,68.22,-135.01,23.0,3.36
126,Nikita,97,UA,1571042128,23,44.52,34.24,69.03,5.04
127,Porto Walter,25,BR,1571042130,95,-8.27,-72.74,68.32,1.07
128,Fortuna,90,US,1571042131,93,40.6,-124.16,53.01,3.36
129,New Norfolk,75,AU,1571042132,72,-42.78,147.06,59.0,11.41
130,Roald,0,NO,1571042135,75,62.58,6.12,42.8,5.82
131,Bytow,20,PL,1571042136,72,54.17,17.49,68.0,16.11
132,Husavik,100,CA,1571042138,98,50.56,-96.99,34.0,5.99
133,Kavieng,100,PG,1571042139,67,-2.57,150.8,84.81,5.2
134,Belogorsk,0,RU,1571042140,47,50.92,128.47,29.62,5.71
135,Dawlatabad,97,AF,1571042141,33,36.41,64.91,66.74,7.53
136,Codrington,0,AU,1571042143,72,-28.95,153.24,68.0,14.99
137,San Policarpo,100,PH,1571042144,72,12.18,125.51,82.56,7.92
138,Oranjemund,0,ZA,1571042145,56,-28.55,16.43,67.35,13.11
139,Almaznyy,0,RU,1571042147,47,48.03,40.04,69.4,8.22
140,Najran,40,SA,1571042148,17,17.54,44.22,89.6,9.17
141,Rawson,0,AR,1571042150,63,-43.3,-65.11,44.74,9.67
142,Vostok,95,RU,1571042151,63,46.45,135.83,26.33,7.31
143,Hofn,90,IS,1571042152,75,64.25,-15.21,41.0,9.17
144,Touros,40,BR,1571042154,94,-5.2,-35.46,73.4,3.36
145,Ketchikan,1,US,1571042155,100,55.34,-131.65,44.6,3.22
146,Omboue,100,GA,1571042156,97,-1.57,9.26,73.53,5.11
147,Heishan,0,CN,1571042158,24,41.69,122.12,45.77,7.37
148,Kasongo-Lunda,99,CD,1571042159,52,-6.48,16.82,85.62,2.01
149,Siemiatycze,0,PL,1571042160,69,52.43,22.86,63.0,1.01
150,Laurel,1,US,1571042162,93,39.1,-76.85,57.0,3.3
151,Flinders,67,AU,1571042163,77,-34.58,150.85,66.99,4.7
152,Tuktoyaktuk,100,CA,1571042165,86,69.44,-133.03,29.62,15.74
153,Acari,58,BR,1571042166,80,-6.44,-36.64,70.12,17.19
154,San Vicente,75,EC,1571042167,88,-0.59,-80.41,71.6,4.7
155,Bonthe,79,SL,1571042169,82,7.53,-12.5,79.32,5.03
156,Terre Haute,1,US,1571042170,93,39.47,-87.41,44.01,2.34
157,Katobu,56,ID,1571042171,45,-4.94,122.53,85.14,5.31
158,Mount Gambier,90,AU,1571042172,71,-37.83,140.78,57.2,10.29
159,Geraldton,90,CA,1571042174,96,49.72,-86.95,33.8,9.17
160,Kaohsiung,75,TW,1571042175,62,22.62,120.31,86.0,8.05
161,Eyl,1,SO,1571042177,80,7.98,49.82,80.67,13.01
162,Butaritari,100,KI,1571042178,62,3.07,172.79,85.62,4.5
163,Pangnirtung,2,CA,1571042179,68,66.15,-65.72,23.7,5.94
164,Tiksi,100,RU,1571042181,88,71.64,128.87,17.19,3.76
165,Tuckahoe,90,US,1571042182,100,37.59,-77.56,64.99,3.36
166,Cherskiy,100,RU,1571042183,94,68.75,161.3,27.52,3.76
167,Salyan,0,AZ,1571042185,41,39.59,48.98,75.02,7.73
168,Sinegorye,100,RU,1571042186,95,62.09,150.53,6.93,2.78
169,Severo-Kurilsk,40,RU,1571042187,77,50.68,156.12,34.05,20.18
170,Chokurdakh,95,RU,1571042189,96,70.62,147.9,11.52,9.01
171,Southbridge,40,US,1571042190,81,42.08,-72.03,51.8,5.82
172,Auki,0,NG,1571042191,62,12.18,6.51,83.73,4.4
173,Evensk,92,RU,1571042192,79,61.92,159.24,18.77,6.81
174,Balsas,4,BR,1571042195,41,-7.53,-46.04,76.55,5.0
175,Broome,100,GB,1571042196,93,52.47,1.45,53.01,2.24
176,Saint George,20,GR,1571042197,73,39.45,22.34,71.6,5.82
177,Byron Bay,1,AU,1571042199,77,-28.65,153.62,69.8,10.29
178,Sitka,0,US,1571042200,71,37.17,-99.65,48.0,11.01
179,Kargasok,100,RU,1571042202,74,59.06,80.87,52.16,12.41
180,Denpasar,75,ID,1571042203,74,-8.65,115.22,84.2,13.87
181,Olinda,90,AU,1571042204,82,-37.84,145.39,62.01,14.99
182,Murray Bridge,0,AU,1571042206,81,-35.12,139.28,63.0,1.99
183,Alice Springs,97,AU,1571042207,6,-23.7,133.88,100.4,4.7
184,Lasa,20,CY,1571042208,21,34.92,32.53,91.0,3.36
185,Hasaki,75,JP,1571042210,93,35.73,140.83,64.4,14.99
186,Narsaq,72,GL,1571042211,42,60.91,-46.05,32.0,8.05
187,Gat,20,SN,1571042213,83,14.69,-16.54,78.8,8.05
188,Lompoc,90,US,1571042214,93,34.64,-120.46,57.0,8.44
189,Makakilo City,20,US,1571042215,61,21.35,-158.09,80.6,12.75
190,Urucara,32,BR,1571042217,73,-2.54,-57.76,75.07,1.9
191,Ponta do Sol,99,BR,1571042218,75,-20.63,-46.0,64.98,1.34
192,Chuy,98,UY,1571042219,71,-33.69,-53.46,49.5,12.61
193,Isangel,70,VU,1571042222,80,-19.55,169.27,70.99,11.61
194,Canchungo,75,GW,1571042223,94,12.07,-16.03,77.0,5.82
195,Katsuura,75,JP,1571042225,64,33.93,134.5,71.6,10.29
196,Iglesias,40,ES,1571042227,52,42.3,-3.99,64.4,24.16
197,Alekseyevsk,100,RU,1571042228,97,57.84,108.35,32.67,9.49
198,Abu Dhabi,0,AE,1571042229,32,24.47,54.37,95.0,5.82
199,Longyearbyen,45,NO,1571042231,62,78.22,15.63,19.4,1.12
200,Airai,0,TL,1571042232,36,-8.93,125.41,73.13,5.64
201,Beloha,0,MG,1571042234,24,-25.17,45.06,91.54,7.31
202,Shemordan,100,RU,1571042235,80,56.19,50.4,47.01,16.29
203,Cervo,34,BR,1571042237,71,-22.19,-46.24,61.52,1.77
204,Topolevo,14,RU,1571042238,27,48.51,135.17,37.4,17.9
205,Les Cayes,69,HT,1571042239,75,18.19,-73.75,83.46,12.07
206,Pangoa,70,PE,1571042241,84,-12.12,-73.0,64.99,2.89
207,Jalu,57,LY,1571042242,30,29.03,21.55,85.6,14.23
208,Shihezi,0,CN,1571042243,22,44.3,86.03,72.5,6.7
209,Malanje,100,AO,1571042245,95,-9.54,16.35,65.14,3.57
210,Laguna,75,BZ,1571042246,100,16.17,-88.94,73.4,4.7
211,Kolyvan,100,RU,1571042247,44,55.31,82.74,59.88,10.72
212,Shiyan,100,CN,1571042249,83,32.65,110.78,55.92,6.01
213,Luanda,75,AO,1571042250,78,-8.83,13.24,77.0,5.82
214,Porto Velho,100,BR,1571042251,94,-8.75,-63.87,73.4,1.81
215,Poum,0,MK,1571042253,72,41.28,20.71,62.6,1.12
216,Hinton,99,CA,1571042254,99,53.4,-117.57,30.72,2.88
217,Bilma,0,NE,1571042255,18,18.69,12.92,91.71,11.25
218,Mackay,90,CA,1571042257,97,53.65,-115.58,32.0,4.7
219,Cockburn Town,36,TC,1571042258,78,21.46,-71.14,82.35,12.0
220,Berdigestyakh,100,RU,1571042259,91,62.1,126.7,24.94,6.93
221,Kahului,40,US,1571042260,74,20.89,-156.47,78.8,14.99
222,Veraval,100,FR,1571042262,93,49.65,0.71,60.01,9.17
223,Provideniya,100,RU,1571042263,93,64.42,-173.23,31.41,3.02
224,Deputatskiy,93,RU,1571042264,92,69.3,139.9,9.36,4.44
225,Mahon,75,IE,1571042266,93,51.89,-8.4,57.0,17.22
226,Road Town,1,VG,1571042267,74,18.42,-64.62,81.0,4.7
227,Oksfjord,75,NO,1571042268,86,70.24,22.35,35.6,4.7
228,Polunochnoye,100,RU,1571042269,96,60.87,60.43,41.16,1.75
229,Petropavlovsk-Kamchatskiy,75,RU,1571042271,59,53.05,158.65,35.6,6.71
230,Vardo,1,US,1571042272,87,39.62,-77.74,46.99,3.36
231,Faya,40,SA,1571042274,17,18.39,42.45,78.8,6.93
232,Kualakapuas,100,ID,1571042275,57,-3.01,114.39,87.19,6.65
233,Klaksvik,0,FO,1571042276,86,62.23,-6.59,41.0,1.12
234,Arraial do Cabo,0,BR,1571042278,86,-22.97,-42.02,72.14,25.62
235,Vossevangen,81,NO,1571042279,97,60.63,6.42,41.0,2.98
236,Nanortalik,75,GL,1571042280,73,60.14,-45.24,35.24,2.7
237,Livramento,75,BR,1571042281,88,-3.03,-60.18,75.2,10.29
238,Half Moon Bay,90,US,1571042283,81,37.46,-122.43,55.0,2.13
239,Mursalimkino,100,RU,1571042284,89,55.04,58.56,41.38,13.59
240,Clarence Town,2,AU,1571042286,72,-32.59,151.78,66.2,10.29
241,Fengzhen,9,CN,1571042287,20,40.43,113.15,41.32,7.27
242,Narrabri,0,AU,1571042288,21,-30.33,149.78,80.6,10.29
243,Dunedin,100,NZ,1571042290,85,-45.87,170.5,51.01,24.0
244,Broken Hill,0,AU,1571042291,22,-31.97,141.45,78.8,13.87
245,Aras,40,ES,1571042292,82,42.56,-2.36,71.01,21.92
246,Gore,97,ET,1571042293,51,8.15,35.53,73.9,2.74
247,Tuatapere,100,NZ,1571042295,89,-46.13,167.69,52.0,1.01
248,Gamba,0,CN,1571042296,17,28.28,88.52,45.36,8.03
249,Shubarshi,100,KZ,1571042297,82,48.59,57.19,54.27,19.34
250,Ambulu,96,ID,1571042299,85,-8.35,113.61,78.22,12.01
251,Aichach,0,DE,1571042300,82,48.46,11.13,66.0,2.24
252,Along,0,IN,1571042302,54,28.17,94.8,82.58,3.4
253,Huarmey,34,PE,1571042303,91,-10.07,-78.15,56.08,0.34
254,Butte,20,US,1571042304,86,46.01,-112.54,36.0,3.43
255,Carnarvon,0,ZA,1571042306,5,-30.97,22.13,84.11,19.52
256,Saint Andrews,100,NZ,1571042307,97,-44.53,171.19,52.0,5.01
257,Nuuk,20,GL,1571042308,63,64.17,-51.74,26.6,16.11
258,Mariental,75,BR,1571042309,88,-25.72,-49.65,68.0,8.05
259,Maraa,100,BR,1571042311,97,-1.83,-65.37,71.91,2.44
260,Pavlodar,100,KZ,1571042312,33,52.28,76.96,65.14,15.23
261,Pacific Grove,20,US,1571042313,70,36.62,-121.92,54.0,3.95
262,Auka,100,HN,1571042315,98,14.93,-83.83,71.85,3.87
263,Port Augusta,0,AU,1571042316,63,-32.49,137.76,64.4,13.87
264,Lagos,20,NG,1571042317,88,6.46,3.39,80.6,6.93
265,Turukhansk,100,RU,1571042319,95,65.8,87.96,36.61,6.52
266,Dariba,0,IN,1571042320,24,24.95,74.13,90.57,3.71
267,Voh,0,NC,1571042321,75,-20.95,164.69,70.77,16.77
268,Jutai,30,BR,1571042323,99,-1.71,-47.89,71.08,1.66
269,Noumea,75,NC,1571042324,68,-22.28,166.46,69.8,3.36
270,Toora-Khem,13,RU,1571042325,43,52.47,96.11,44.42,1.85
271,Brownwood,20,US,1571042327,59,31.71,-98.99,66.2,6.73
272,Bada,20,NG,1571042328,78,7.45,3.75,77.0,5.82
273,Svetlaya,0,RU,1571042329,39,46.54,138.33,45.32,18.08
274,Piracanjuba,100,BR,1571042331,56,-17.3,-49.02,69.82,2.74
275,Aleksandrovskiy Zavod,100,RU,1571042332,41,50.92,117.94,33.78,9.04
276,Kodinsk,100,RU,1571042333,92,58.6,99.18,35.24,4.14
277,Elat,87,CM,1571042335,69,2.91,11.16,79.32,2.99
278,Pravda,0,BG,1571042336,63,43.16,25.69,75.99,3.36
279,Bara,65,NG,1571042337,54,10.41,10.6,86.86,3.19
280,Sant Julia de Loria,38,AD,1571042339,57,42.46,1.49,68.0,1.01
281,Nouadhibou,73,MR,1571042340,64,20.93,-17.03,75.2,14.99
282,Puri,91,ID,1571042341,23,-7.54,112.45,94.15,11.27
283,Moose Factory,90,CA,1571042343,93,51.26,-80.61,41.0,7.03
284,Lebu,86,ET,1571042344,56,8.96,38.73,67.17,7.32
285,Soloneshnoye,8,RU,1571042346,27,51.65,84.32,64.24,2.02
286,Sinnamary,100,GF,1571042347,81,5.38,-52.96,80.26,9.93
287,Lagoa,40,PT,1571042348,93,37.14,-8.45,66.0,5.82
288,Padampur,0,IN,1571042350,10,29.71,73.62,99.03,6.04
289,Harper,90,US,1571042351,88,30.3,-99.24,68.0,8.68
290,Hami,0,CN,1571042352,20,42.84,93.51,64.62,2.56
291,Zhigansk,100,RU,1571042353,85,66.77,123.37,22.42,8.5
292,Pyapon,100,MM,1571042355,71,16.29,95.68,86.97,3.56
293,Tshane,7,BW,1571042356,8,-24.02,21.87,93.87,17.41
294,Picos,36,BR,1571042357,69,-7.08,-41.47,69.71,7.15
295,Yulara,55,AU,1571042359,5,-25.24,130.99,100.4,12.75
296,Kavaratti,100,IN,1571042360,72,10.57,72.64,84.11,6.7
297,Luangwa,0,MZ,1571042361,35,-15.62,30.4,91.76,12.89
298,Lerwick,40,GB,1571042362,93,60.15,-1.15,48.2,3.36
299,Ornskoldsvik,5,SE,1571042364,73,63.29,18.72,33.8,3.36
300,Bilibino,100,RU,1571042365,91,68.06,166.44,22.57,7.52
301,Praia da Vitoria,75,PT,1571042366,72,38.73,-27.07,62.6,9.35
302,Iqaluit,20,CA,1571042368,79,63.75,-68.52,24.8,4.7
303,Leshukonskoye,100,RU,1571042369,84,64.9,45.76,41.18,6.43
304,Comodoro Rivadavia,0,AR,1571042370,80,-45.87,-67.48,35.6,5.82
305,Karratha,0,AU,1571042371,70,-20.74,116.85,74.79,17.86
306,Pisco,20,PE,1571042373,82,-13.71,-76.2,61.0,5.82
307,Cairns,40,AU,1571042374,69,-16.92,145.77,78.01,6.93
308,Wuwei,0,CN,1571042375,35,37.93,102.64,49.75,7.53
309,Prince Rupert,90,CA,1571042376,93,54.32,-130.32,39.2,5.82
310,Polkowice,0,PL,1571042378,72,51.5,16.07,82.0,4.0
311,Kangasala,75,FI,1571042379,93,61.46,24.07,39.99,5.82
312,Tselinnoye,100,UA,1571042380,46,45.9,34.18,67.1,5.45
313,Anadyr,6,RU,1571042382,74,64.73,177.51,37.4,11.18
314,Arman,0,RU,1571042383,59,59.7,150.17,27.23,9.93
315,Gandia,40,ES,1571042384,83,38.97,-0.18,75.99,3.36
316,Esperance,90,AU,1571042386,87,-33.86,121.89,57.2,16.11
317,Baghdad,0,IQ,1571042387,27,33.3,44.38,91.4,6.93
318,Bonfim,38,GY,1571042388,81,3.36,-59.84,75.22,6.86
319,Ostrovnoy,100,RU,1571042390,77,68.05,39.51,34.92,5.35
320,Simao,18,CN,1571042391,88,22.76,100.79,70.43,1.46
321,Nizwa,0,OM,1571042393,16,22.93,57.53,85.77,4.85
322,Vicente Guerrero,4,MX,1571042394,93,16.93,-96.7,54.23,4.29
323,Shelburne,75,CA,1571042395,70,44.08,-80.2,46.4,8.05
324,Formosa,63,BR,1571042396,37,-15.55,-47.33,66.47,7.23
325,Nicoya,100,CR,1571042398,1,10.15,-85.45,68.0,3.77
326,Turki,100,RU,1571042399,64,51.98,43.27,57.87,11.68
327,Srednekolymsk,100,RU,1571042400,96,67.46,153.71,26.78,15.06
328,Chifeng,0,CN,1571042402,24,42.27,118.96,40.26,6.86
329,Luderitz,56,NA,1571042403,77,-26.65,15.16,59.0,10.29
330,Bria,27,CF,1571042404,66,6.54,21.99,82.96,3.84
331,Pilar,100,AR,1571042406,66,-34.46,-58.91,50.0,13.87
332,Cabatuan,95,PH,1571042407,82,16.95,121.67,78.42,7.92
333,Sao Joao da Barra,0,BR,1571042408,83,-21.64,-41.05,72.23,15.02
334,Flin Flon,100,CA,1571042410,93,54.77,-101.88,33.94,3.2
335,Ixtapa,5,MX,1571042411,94,20.71,-105.21,79.0,2.67
336,Carutapera,78,BR,1571042412,79,-1.2,-46.02,80.44,18.63
337,Leningradskiy,59,RU,1571042414,69,69.38,178.42,26.92,8.42
338,Minot,1,US,1571042415,80,48.23,-101.3,33.8,11.41
339,Pechora,100,RU,1571042416,88,65.12,57.16,39.58,6.67
340,Quang Ngai,52,VN,1571042418,79,15.12,108.8,81.21,11.9
341,Lisakovsk,33,KZ,1571042419,53,52.55,62.49,54.45,16.72
342,Taboga,40,IT,1571042420,88,46.27,13.11,63.0,2.24
343,Muros,75,ES,1571042421,100,42.77,-9.06,57.99,4.7
344,Fonte Boa,100,BR,1571042423,97,-2.51,-66.09,72.09,2.4
345,Tromso,40,NO,1571042424,92,69.65,18.96,30.99,5.82
346,Trairi,57,BR,1571042425,73,-3.28,-39.27,75.15,9.8
347,Bud,0,NO,1571042427,69,62.91,6.91,42.8,4.7
348,Dicabisagan,95,PH,1571042428,81,17.08,122.42,79.34,9.82
349,Vaitape,7,PF,1571042429,79,-16.52,-151.75,76.48,17.96
350,Guadalupe Victoria,100,MX,1571042431,74,21.68,-105.33,83.66,2.31
351,Shingu,75,JP,1571042432,83,33.72,135.99,71.6,6.93
352,Bressuire,100,FR,1571042433,72,46.84,-0.49,66.99,12.75
353,Negombo,40,LK,1571042435,74,7.21,79.83,87.8,5.82
354,Umm Lajj,5,SA,1571042436,17,25.02,37.27,101.93,11.34
355,Coquimbo,98,CL,1571042437,82,-29.95,-71.34,55.4,4.7
356,Tura,46,RU,1571042438,87,64.27,100.22,29.62,5.77
357,Jackson,1,US,1571042440,54,43.48,-110.76,34.0,4.7
358,Nara,75,JP,1571042441,82,34.68,135.8,69.8,2.24
359,Mashivka,60,UA,1571042443,50,49.44,34.87,67.23,8.55
360,Bubaque,74,GW,1571042444,75,11.28,-15.83,82.45,14.23
361,Usinsk,100,RU,1571042445,89,66.0,57.56,37.69,8.94
362,Gamboula,19,CF,1571042446,57,4.12,15.14,84.79,2.21
363,Uvat,100,RU,1571042448,91,59.14,68.9,45.59,9.87
364,Obama,100,JP,1571042449,83,35.49,135.74,66.99,8.62
365,Souillac,95,FR,1571042450,72,45.6,-0.6,68.0,19.46
366,Vao,100,EE,1571042452,92,59.1,26.19,45.81,14.11
367,Castelo Branco,5,PT,1571042453,76,39.82,-7.5,55.0,12.27
368,Rindal,0,NO,1571042454,58,63.05,9.21,36.19,2.19
369,Sola,100,TZ,1571042455,44,-3.17,33.8,79.39,7.39
370,Sembakung,89,ID,1571042457,70,3.82,117.25,84.61,6.75
371,Lazo,0,RU,1571042458,45,45.88,133.65,36.3,8.66
372,Loikaw,92,MM,1571042459,87,19.67,97.21,73.17,1.68
373,Yerbogachen,100,RU,1571042461,86,61.28,108.01,32.05,9.52
374,Sarkand,0,KZ,1571042462,17,45.41,79.91,69.82,5.18
375,Palmas Bellas,100,PA,1571042464,94,9.23,-80.09,77.0,2.24
376,Omsukchan,51,RU,1571042465,92,62.53,155.8,0.79,3.87
377,Berlevag,40,NO,1571042466,68,70.86,29.09,32.0,9.17
378,Barra Patuca,100,HN,1571042468,74,15.8,-84.28,82.44,7.17
379,Lonigo,40,IT,1571042469,82,45.39,11.39,64.99,2.24
380,Hithadhoo,100,MV,1571042470,76,-0.6,73.08,81.34,9.28
381,Ambon,90,FR,1571042472,100,47.55,-2.56,64.0,4.7
382,Surt,7,LY,1571042473,53,31.21,16.59,81.41,15.13
383,Rafaela,100,AR,1571042474,63,-31.25,-61.49,52.0,8.01
384,Baykit,100,RU,1571042476,98,61.68,96.39,34.34,4.54
385,Kailua,40,US,1571042477,69,21.39,-157.74,80.6,10.29
386,Balkanabat,0,TM,1571042479,34,39.51,54.36,65.97,4.62
387,Puerto del Rosario,75,ES,1571042480,78,28.5,-13.86,71.6,5.82
388,Hambantota,40,LK,1571042481,89,6.12,81.12,86.0,8.05
389,Sedro-Woolley,1,US,1571042482,93,48.5,-122.23,48.99,3.24
390,Severodvinsk,100,RU,1571042484,95,64.56,39.82,40.78,4.06
391,Mekhe,20,SN,1571042485,83,15.11,-16.62,78.8,8.05
392,Isiro,100,CD,1571042486,53,2.77,27.62,86.59,1.88
393,Udachnyy,90,RU,1571042488,93,66.42,112.4,13.89,11.93
394,Boguchany,100,RU,1571042489,93,58.38,97.46,35.53,3.38
395,Ilulissat,0,GL,1571042490,62,69.22,-51.1,19.4,8.05
396,Upata,0,VE,1571042492,90,8.02,-62.41,75.99,1.01
397,Ust-Kuyga,71,RU,1571042493,93,70.0,135.55,7.07,4.79
398,Boa Vista,67,BR,1571042494,74,2.82,-60.67,78.8,3.36
399,Yeppoon,0,AU,1571042496,64,-23.13,150.74,73.4,12.75
400,Ust-Barguzin,55,RU,1571042497,59,53.41,109.03,41.88,9.54
401,San Patricio,100,PY,1571042498,94,-26.98,-56.83,70.56,6.41
402,Samarai,24,PG,1571042500,86,-10.62,150.67,73.42,6.84
403,Saint-Augustin,5,CA,1571042501,86,45.63,-73.98,51.01,4.7
404,Turgutlu,0,TR,1571042502,56,38.5,27.71,73.4,8.05
405,Poronaysk,30,RU,1571042504,44,49.22,143.1,38.35,10.02
406,Rabo de Peixe,75,PT,1571042505,72,37.8,-25.58,62.01,5.82
407,Swan Hill,0,AU,1571042506,63,-35.34,143.56,64.0,11.54
408,Arkhara,0,RU,1571042508,51,49.42,130.09,29.61,6.44
409,Dalnerechensk,0,RU,1571042509,45,45.93,133.72,36.3,8.66
410,Vila,75,IT,1571042510,77,45.18,8.4,63.0,5.82
411,Grand-Santi,100,GF,1571042512,99,4.27,-54.38,70.05,1.96
412,Chopinzinho,95,BR,1571042513,88,-25.86,-52.53,64.18,5.85
413,Tilichiki,0,RU,1571042514,87,60.47,166.1,27.14,2.93
414,Sechelt,40,CA,1571042516,93,49.47,-123.76,46.0,4.7
415,Plock,2,PL,1571042518,63,52.55,19.71,75.99,10.29
416,Wadi Musa,0,JO,1571042520,21,30.32,35.48,88.16,7.21
417,Jacobina,44,BR,1571042522,95,-11.19,-40.51,61.66,5.02
418,Bad Mergentheim,20,DE,1571042523,68,49.49,9.77,72.0,3.36
419,Verkhoyansk,33,RU,1571042525,83,67.55,133.39,7.52,3.39
420,Sasaguri,20,JP,1571042526,60,33.62,130.55,72.0,13.87
421,Fairbanks,20,US,1571042528,73,64.84,-147.72,24.8,5.82
422,Bandarbeyla,0,SO,1571042529,73,9.49,50.81,81.21,10.84
423,Villacarrillo,97,ES,1571042531,58,38.12,-3.08,63.95,8.07
424,Bay Roberts,90,CA,1571042532,100,47.58,-53.28,46.99,18.34
425,Lapi,90,EE,1571042533,93,57.91,26.99,46.99,9.17
426,Acapulco,90,MX,1571042534,88,16.86,-99.88,80.6,3.36
427,Ushtobe,0,KZ,1571042536,18,45.25,77.98,73.69,8.36
428,Port Keats,45,AU,1571042537,62,-14.25,129.55,84.09,15.78
429,Egvekinot,100,RU,1571042539,98,66.32,-179.17,28.47,6.66
430,Hanyang,100,CN,1571042540,62,32.14,105.51,70.0,12.09
431,Zabol,0,IR,1571042541,29,31.03,61.49,77.0,38.03
432,Lakheri,0,IN,1571042542,21,25.67,76.19,93.76,2.0
433,Gizo,30,IL,1571042544,52,31.8,34.94,91.0,3.36
434,Tateyama,75,JP,1571042545,100,36.66,137.31,63.0,1.12
435,Belyy Yar,58,RU,1571042546,45,53.6,91.39,53.94,4.47
436,Taos,1,US,1571042548,73,36.41,-105.57,37.99,1.3
437,Choix,100,MX,1571042549,82,26.71,-108.33,74.7,5.62
438,Cobija,0,BR,1571042550,83,-11.02,-68.77,71.31,2.94
439,Leh,0,IN,1571042551,15,34.16,77.58,42.35,4.78
440,Galesong,20,ID,1571042553,36,-5.32,119.37,93.2,11.41
441,Samana,96,EC,1571042555,88,0.12,-76.97,66.61,2.0
442,Goderich,98,CA,1571042557,78,43.74,-81.71,48.0,11.84
443,Colares,75,PT,1571042558,82,38.8,-9.45,62.6,9.17
444,Nemuro,75,JP,1571042559,81,43.32,145.57,50.0,1.12
445,Xining,0,CN,1571042560,53,36.62,101.77,52.27,20.1
446,Alcantarilla,75,ES,1571042562,88,37.97,-1.22,73.0,4.7
447,Sassandra,69,CI,1571042563,91,4.95,-6.09,76.15,1.95
448,Chiang Rai,40,TH,1571042564,83,19.9,99.84,80.01,4.7
449,Caucaia,40,BR,1571042565,88,-3.73,-38.66,77.0,9.17
450,Manaure,67,CO,1571042567,81,11.78,-72.45,82.56,15.55
451,Sao Gabriel da Cachoeira,100,BR,1571042568,98,-0.13,-67.09,70.57,1.11
452,Morehead,1,US,1571042569,70,38.18,-83.43,50.0,6.93
453,Newport,90,US,1571042571,87,41.49,-71.31,57.99,3.67
454,Port Blair,75,IN,1571042573,73,11.67,92.75,84.67,11.02
455,Taltal,96,CL,1571042574,86,-25.41,-70.49,54.57,6.73
456,Permet,0,AL,1571042575,78,40.23,20.35,70.0,1.01
457,Pokhara,9,NP,1571042577,71,28.21,83.99,77.11,3.78
458,Kuito,74,AO,1571042578,51,-12.38,16.94,77.07,7.84
459,Port Arthur,75,US,1571042579,73,29.9,-93.93,73.4,4.7
460,Ranot,100,TH,1571042580,72,7.78,100.32,82.6,9.12
461,Waitati,100,NZ,1571042582,86,-45.75,170.57,51.01,24.0
462,High Level,90,CA,1571042583,85,58.52,-117.13,32.0,8.05
463,Boyolangu,65,ID,1571042585,62,-8.09,111.9,82.17,14.6
464,Nyurba,100,RU,1571042586,96,63.29,118.35,28.71,6.48
465,Colwyn Bay,20,GB,1571042587,81,53.29,-3.71,54.0,2.24
466,Rundu,46,NA,1571042589,42,-17.91,19.77,80.6,8.05
467,Plettenberg Bay,0,ZA,1571042590,58,-34.05,23.37,68.85,7.75
468,Riyadh,20,SA,1571042591,31,24.63,46.72,89.6,8.05
469,Juneau,20,US,1571042592,92,58.3,-134.42,36.0,6.72
470,Chapais,75,CA,1571042594,78,49.78,-74.86,41.0,13.87
471,Oktyabrskiy,88,RU,1571042595,71,55.61,37.97,54.0,6.71
472,Wamba,100,CD,1571042596,52,2.14,27.99,87.21,1.58
473,Tagab,1,AF,1571042598,10,34.85,69.65,77.0,5.82
474,Vestmannaeyjar,40,IS,1571042599,87,63.44,-20.27,42.8,34.45
475,West Wendover,1,US,1571042600,59,40.74,-114.07,37.4,1.71
476,Taoudenni,0,ML,1571042602,25,22.68,-3.98,91.62,13.56
477,Fort Collins,1,US,1571042603,51,40.55,-105.07,46.0,0.9
478,Linhares,2,BR,1571042604,89,-19.38,-40.06,69.01,2.16
479,Riacho de Santana,0,BR,1571042606,83,-13.61,-42.94,65.66,2.63
480,Ust-Kut,100,RU,1571042607,85,56.78,105.75,35.53,6.82
481,Port Macquarie,11,AU,1571042608,68,-31.43,152.91,66.0,9.17
482,Tsumeb,70,NA,1571042610,30,-19.25,17.72,82.4,5.82
483,Warmbad,0,DE,1571042611,68,50.67,13.08,77.0,4.7
484,Griffith,4,AU,1571042612,17,-34.29,146.06,86.0,5.82
485,Fallon,1,US,1571042614,74,46.84,-105.12,28.4,3.36
486,Cabrero,60,CL,1571042615,100,-37.04,-72.4,57.2,3.36
487,Otradnoye,90,RU,1571042616,87,59.77,30.8,42.8,6.71
488,Sao Filipe,0,CV,1571042617,76,14.9,-24.5,78.58,16.46
489,Biryusinsk,87,RU,1571042619,59,55.96,97.82,48.29,3.1
490,Manali,41,IN,1571042620,62,32.25,77.19,59.85,6.46
491,Nampula,75,MZ,1571042621,65,-15.12,39.26,80.6,6.93
492,Ilhabela,0,BR,1571042623,69,-23.78,-45.36,77.05,3.97
493,Lazaro Cardenas,100,MX,1571042624,98,28.39,-105.62,61.0,1.99
494,Rio Grande,79,BR,1571042625,76,-32.03,-52.1,58.6,24.57
495,Blackwater,75,GB,1571042626,93,51.33,-0.78,55.0,6.93
496,Tungor,97,RU,1571042628,69,53.39,142.95,30.11,15.14
497,Karasjok,75,NO,1571042629,100,69.47,25.52,33.8,5.82
498,Saint-Pierre,99,FR,1571042630,77,48.95,4.24,66.0,17.22
499,Swan River,99,CA,1571042632,90,52.11,-101.27,30.69,1.27
500,Alta Floresta,68,BR,1571042633,94,-9.87,-56.08,69.4,2.35
501,Ribas do Rio Pardo,10,BR,1571042634,69,-20.45,-53.76,71.37,3.68
502,Newala,51,TZ,1571042636,35,-10.94,39.28,94.87,4.56
503,Siderno,5,IT,1571042637,53,38.28,16.3,77.0,4.83
504,Boyle,75,IE,1571042638,93,53.97,-8.3,46.4,6.93
505,Canoinhas,7,BR,1571042639,97,-26.18,-50.4,60.89,0.57
506,Nome,40,US,1571042641,60,30.04,-94.42,73.4,5.8
507,Santiago de Cuba,75,CU,1571042642,83,20.03,-75.83,77.0,5.82
508,Tashtyp,13,RU,1571042644,33,52.8,89.89,58.44,2.7
509,Tezu,0,IN,1571042645,47,27.93,96.16,85.71,2.22
510,Qandala,26,SO,1571042647,57,11.47,49.87,83.89,9.2
511,Sisimiut,0,GL,1571042648,80,66.94,-53.67,21.16,6.56
512,Wuda,100,CN,1571042650,96,39.5,106.72,32.63,8.93
513,Kholm,40,AF,1571042651,37,36.69,67.7,68.0,13.87
514,Port-Gentil,75,GA,1571042652,100,-0.72,8.78,75.2,6.93
515,Hokitika,100,NZ,1571042654,83,-42.72,170.96,54.48,8.63
516,Pervomaysk,100,RU,1571042656,84,54.87,43.81,46.65,10.5
517,Saint-Francois,0,FR,1571042658,56,46.42,3.91,70.0,14.99
518,Merke,86,KZ,1571042659,22,42.87,73.19,68.5,16.83
519,Cabedelo,75,BR,1571042660,100,-6.97,-34.84,73.4,4.7
520,Sorsk,64,RU,1571042661,59,54.0,90.25,49.15,6.14
521,Gravdal,87,NO,1571042663,93,59.79,5.78,50.0,4.7
522,Tautira,20,PF,1571042664,73,-17.73,-149.15,73.4,2.24
523,Pinan,90,SE,1571042665,93,58.68,11.65,50.0,17.22
524,Bulawayo,0,ZW,1571042667,18,-20.16,28.59,84.47,14.31
525,Ancud,0,CL,1571042668,53,-41.87,-73.83,42.8,8.05
526,Zaraza,0,VE,1571042670,93,9.35,-65.33,71.1,2.43
527,Satipo,46,PE,1571042671,92,-11.26,-74.64,57.94,2.07
528,Sabzevar,0,IR,1571042673,26,36.21,57.68,71.17,13.74
529,Zambezi,1,ZM,1571042674,27,-13.55,23.12,97.32,2.08
530,Panama City,75,US,1571042675,88,30.16,-85.65,73.99,5.82
531,Abu Samrah,96,SY,1571042676,21,35.3,37.18,89.82,9.33
532,Nabire,100,ID,1571042678,94,-3.36,135.5,75.18,0.26
533,Daru,15,PG,1571042679,84,-9.07,143.21,74.03,7.08
